mediaId,thumbnailPath,instagramUrl
"3944067240609796323_23802205442","/media/images/3944067240609796323_23802205442.webp","https://www.instagram.com/p/Da8JEI-zVDj/"
"3954806144118936893_25237603949","/media/images/3954806144118936893_25237603949.webp","https://www.instagram.com/p/DbiSzwPvdU9/"
"3971308063021843388_25237603949_1","/media/images/3971308063021843388_25237603949_1.webp","https://www.instagram.com/p/Dcc66R2D8O8/"
"3971308063021843388_25237603949_10","/media/images/3971308063021843388_25237603949_10.webp","https://www.instagram.com/p/Dcc66R2D8O8/"
"3971308063021843388_25237603949_11","/media/images/3971308063021843388_25237603949_11.webp","https://www.instagram.com/p/Dcc66R2D8O8/"
"3971308063021843388_25237603949_12","/media/images/3971308063021843388_25237603949_12.webp","https://www.instagram.com/p/Dcc66R2D8O8/"
"3971308063021843388_25237603949_2","/media/images/3971308063021843388_25237603949_2.webp","https://www.instagram.com/p/Dcc66R2D8O8/"
"3971308063021843388_25237603949_3","/media/images/3971308063021843388_25237603949_3.webp","https://www.instagram.com/p/Dcc66R2D8O8/"
"3971308063021843388_25237603949_5","/media/images/3971308063021843388_25237603949_5.webp","https://www.instagram.com/p/Dcc66R2D8O8/"
"3971308063021843388_25237603949_6","/media/images/3971308063021843388_25237603949_6.webp","https://www.instagram.com/p/Dcc66R2D8O8/"
"3971308063021843388_25237603949_9","/media/images/3971308063021843388_25237603949_9.webp","https://www.instagram.com/p/Dcc66R2D8O8/"
"3978689181554415915_25237603949","/media/images/3978689181554415915_25237603949.webp","https://www.instagram.com/p/Dc3JLsKPZkr/"
"3981723450503017365_23802205442_1","/media/images/3981723450503017365_23802205442_1.webp","https://www.instagram.com/p/DdB7GHVEzOV/"
"3981723450503017365_23802205442_2","/media/images/3981723450503017365_23802205442_2.webp","https://www.instagram.com/p/DdB7GHVEzOV/"
"3981723450503017365_23802205442_3","/media/images/3981723450503017365_23802205442_3.webp","https://www.instagram.com/p/DdB7GHVEzOV/"
"3981723450503017365_23802205442_4","/media/images/3981723450503017365_23802205442_4.webp","https://www.instagram.com/p/DdB7GHVEzOV/"
"3981723450503017365_23802205442_5","/media/images/3981723450503017365_23802205442_5.webp","https://www.instagram.com/p/DdB7GHVEzOV/"
"3981723450503017365_23802205442_6","/media/images/3981723450503017365_23802205442_6.webp","https://www.instagram.com/p/DdB7GHVEzOV/"
"3981723450503017365_23802205442_7","/media/images/3981723450503017365_23802205442_7.webp","https://www.instagram.com/p/DdB7GHVEzOV/"
"3983161220467459058_23802205442_1","/media/images/3983161220467459058_23802205442_1.webp","https://www.instagram.com/p/DdHCAa9EwPy/"
"3983161220467459058_23802205442_2","/media/images/3983161220467459058_23802205442_2.webp","https://www.instagram.com/p/DdHCAa9EwPy/"
"3983161220467459058_23802205442_3","/media/images/3983161220467459058_23802205442_3.webp","https://www.instagram.com/p/DdHCAa9EwPy/"
"3988244139536006049_23802205442_1","/media/images/3988244139536006049_23802205442_1.webp","https://www.instagram.com/p/DdZFuoOk7uh/"
"3988244139536006049_23802205442_2","/media/images/3988244139536006049_23802205442_2.webp","https://www.instagram.com/p/DdZFuoOk7uh/"
"3988244139536006049_23802205442_3","/media/images/3988244139536006049_23802205442_3.webp","https://www.instagram.com/p/DdZFuoOk7uh/"
"3988244139536006049_23802205442_4","/media/images/3988244139536006049_23802205442_4.webp","https://www.instagram.com/p/DdZFuoOk7uh/"
"3988244139536006049_23802205442_5","/media/images/3988244139536006049_23802205442_5.webp","https://www.instagram.com/p/DdZFuoOk7uh/"
"3988244139536006049_23802205442_6","/media/images/3988244139536006049_23802205442_6.webp","https://www.instagram.com/p/DdZFuoOk7uh/"
"3989490366206121707_25237603949_1","/media/images/3989490366206121707_25237603949_1.webp","https://www.instagram.com/p/DddhFnQjxbr/"
"3989490366206121707_25237603949_2","/media/images/3989490366206121707_25237603949_2.webp","https://www.instagram.com/p/DddhFnQjxbr/"
"3989490366206121707_25237603949_4","/media/images/3989490366206121707_25237603949_4.webp","https://www.instagram.com/p/DddhFnQjxbr/"
"3989490366206121707_25237603949_5","/media/images/3989490366206121707_25237603949_5.webp","https://www.instagram.com/p/DddhFnQjxbr/"
"3989490366206121707_25237603949_6","/media/images/3989490366206121707_25237603949_6.webp","https://www.instagram.com/p/DddhFnQjxbr/"
"3989490366206121707_25237603949_7","/media/images/3989490366206121707_25237603949_7.webp","https://www.instagram.com/p/DddhFnQjxbr/"
"3992666248626285583_25237603949_1","/media/images/3992666248626285583_25237603949_1.webp","https://www.instagram.com/p/DdozMyQD6wP/"
"3992666248626285583_25237603949_2","/media/images/3992666248626285583_25237603949_2.webp","https://www.instagram.com/p/DdozMyQD6wP/"
"3992666248626285583_25237603949_3","/media/images/3992666248626285583_25237603949_3.webp","https://www.instagram.com/p/DdozMyQD6wP/"
"3992666248626285583_25237603949_4","/media/images/3992666248626285583_25237603949_4.webp","https://www.instagram.com/p/DdozMyQD6wP/"
"3992666248626285583_25237603949_5","/media/images/3992666248626285583_25237603949_5.webp","https://www.instagram.com/p/DdozMyQD6wP/"
"3992666248626285583_25237603949_6","/media/images/3992666248626285583_25237603949_6.webp","https://www.instagram.com/p/DdozMyQD6wP/"
"3992666248626285583_25237603949_7","/media/images/3992666248626285583_25237603949_7.webp","https://www.instagram.com/p/DdozMyQD6wP/"
"3992666248626285583_25237603949_8","/media/images/3992666248626285583_25237603949_8.webp","https://www.instagram.com/p/DdozMyQD6wP/"
"3999780568522558584_23802205442","/media/images/3999780568522558584_23802205442.webp","https://www.instagram.com/p/DeCEzw-TAx4/"
"4000538639129881934_25237603949_1","/media/images/4000538639129881934_25237603949_1.webp","https://www.instagram.com/p/DeExLJPj61O/"
"4000538639129881934_25237603949_3","/media/images/4000538639129881934_25237603949_3.webp","https://www.instagram.com/p/DeExLJPj61O/"
"4000538639129881934_25237603949_4","/media/images/4000538639129881934_25237603949_4.webp","https://www.instagram.com/p/DeExLJPj61O/"
"4000538639129881934_25237603949_8","/media/images/4000538639129881934_25237603949_8.webp","https://www.instagram.com/p/DeExLJPj61O/"
"3943887624683383646_28218332959","/media/images/3943887624683383646_28218332959-poster.webp","https://www.instagram.com/reel/Da7gOYnT-te/"
"3943988211449991527_28218332959","/media/images/3943988211449991527_28218332959-poster.webp","https://www.instagram.com/reel/Da73GHVzhFn/"
"3945158129829676901_25237603949","/media/images/3945158129829676901_25237603949-poster.webp","https://www.instagram.com/reel/DbABGqvPgdl/"
"3945442574215277004_28218332959","/media/images/3945442574215277004_28218332959-poster.webp","https://www.instagram.com/reel/DbBBx4NzenM/"
"3948465145847316693_25237603949","/media/images/3948465145847316693_25237603949-poster.webp","https://www.instagram.com/reel/DbLxCFaPYDV/"
"3948807128021370166_25237603949","/media/images/3948807128021370166_25237603949-poster.webp","https://www.instagram.com/reel/DbM-ylIPoU2/"
"3949796277537987026_23802205442","/media/images/3949796277537987026_23802205442-poster.webp","https://www.instagram.com/reel/DbQfsmZz9nS/"
"3950377153711788247_28218332959","/media/images/3950377153711788247_28218332959-poster.webp","https://www.instagram.com/reel/DbSjxdfz1DX/"
"3951318041929583840_23802205442","/media/images/3951318041929583840_23802205442-poster.webp","https://www.instagram.com/reel/DbV5tL7zgzg/"
"3952015990414270720_23802205442","/media/images/3952015990414270720_23802205442-poster.webp","https://www.instagram.com/reel/DbYYZrHTmEA/"
"3952789899748157300_25237603949","/media/images/3952789899748157300_25237603949-poster.webp","https://www.instagram.com/reel/DbbIXiWPad0/"
"3954962418131361533_25237603949","/media/images/3954962418131361533_25237603949-poster.webp","https://www.instagram.com/reel/Dbi2V1wvV79/"
"3956102359050775727_28218332959","/media/images/3956102359050775727_28218332959-poster.webp","https://www.instagram.com/reel/Dbm5iKeTmyv/"
"3956428256654998279_25237603949","/media/images/3956428256654998279_25237603949-poster.webp","https://www.instagram.com/reel/DboDomRPTsH/"
"3957016677460188597_23802205442","/media/images/3957016677460188597_23802205442-poster.webp","https://www.instagram.com/reel/DbqJbP2T521/"
"3957589966733633473_28218332959","/media/images/3957589966733633473_28218332959-poster.webp","https://www.instagram.com/reel/DbsLxtFzufB/"
"3958241885692989861_28218332959","/media/images/3958241885692989861_28218332959-poster.webp","https://www.instagram.com/reel/DbugAX7zZGl/"
"3959289687347882544_25237603949","/media/images/3959289687347882544_25237603949-poster.webp","https://www.instagram.com/reel/DbyOP5RPOow/"
"3960464601430947072_28218332959","/media/images/3960464601430947072_28218332959-poster.webp","https://www.instagram.com/reel/Db2ZZJRzPUA/"
"3960518089341942213_25237603949","/media/images/3960518089341942213_25237603949-poster.webp","https://www.instagram.com/reel/Db2ljfxvDnF/"
"3960628491897009663_23802205442","/media/images/3960628491897009663_23802205442-poster.webp","https://www.instagram.com/reel/Db2-qEKz_X_/"
"3961257153734127409_28218332959","/media/images/3961257153734127409_28218332959-poster.webp","https://www.instagram.com/reel/Db5NmTITC8x/"
"3962918955852368855_25237603949","/media/images/3962918955852368855_25237603949-poster.webp","https://www.instagram.com/reel/Db_Hcs9PgvX/"
"3962927414976166506_23802205442","/media/images/3962927414976166506_23802205442-poster.webp","https://www.instagram.com/reel/Db_JXzIT7pq/"
"3963577022035217472_23802205442","/media/images/3963577022035217472_23802205442-poster.webp","https://www.instagram.com/reel/DcBdE02T0xA/"